PLUMBING,ALTERATION
PLUMBING,EQUIPMENT WORK
FOOD SERVICE EST.,EQUIPMENT WORK,PLUMBING
FULL DEMOLITION,EQUIPMENT WORK
PLUMBING,EQUIPMENT WORK
EQUIPMENT WORK
EQUIPMENT WORK,ALTERATION
PLUMBING,EQUIPMENT WORK,ALTERATION
PLUMBING,EQUIPMENT WORK
FULL DEMOLITION,EQUIPMENT WORK,NEW BUILDING,PLUMBING
PLUMBING,EQUIPMENT WORK
ALTERATION
EQUIPMENT WORK,MOBILE FOOD UNIT,ALTERATION
PLUMBING,EQUIPMENT WORK,ALTERATION
EQUIPMENT WORK
PLUMBING,EQUIPMENT WORK,ALTERATION
PLUMBING,EQUIPMENT WORK
PLUMBING,EQUIPMENT WORK,ALTERATION,FOOD SERVICE EST.
FOOD VENDOR LICENSE,EQUIPMENT WORK
PLUMBING,EQUIPMENT WORK,FOOD SERVICE EST.,ALTERATION,SIGN
ALTERATION
PLUMBING,EQUIPMENT WORK,ALTERATION
EQUIPMENT WORK
PLUMBING,EQUIPMENT WORK,ALTERATION
PLUMBING,EQUIPMENT WORK
FULL TERM MFV PERMIT
PLUMBING,EQUIPMENT WORK,ALTERATION
ALTERATION
PLUMBING,EQUIPMENT WORK,ALTERATION,SIGN
ALTERATION
DENTIST
EQUIPMENT WORK,ALTERATION
EQUIPMENT WORK,NEW BUILDING
FOOD SERVICE EST.
EQUIPMENT WORK
PLUMBING,EQUIPMENT WORK,NEW BUILDING,FOUNDATION
PLUMBING,EQUIPMENT WORK,ALTERATION
EQUIPMENT WORK,ALTERATION,CHILD CARE APPLICATION TRACKING SYSTEM
EQUIPMENT WORK
ALTERATION,CHILD CARE APPLICATION TRACKING SYSTEM
PLUMBING,EQUIPMENT WORK
PLUMBING,EQUIPMENT WORK
PLUMBING,EQUIPMENT WORK
EQUIPMENT WORK
FULL DEMOLITION,EQUIPMENT WORK,ALTERATION,NEW BUILDING,PLUMBING
EQUIPMENT WORK,PHYSICIAN,FULL TERM MFV PERMIT,RADIATION INSTALL
ALTERATION
FULL DEMOLITION,EQUIPMENT WORK,NEW BUILDING,PLUMBING
PLUMBING,EQUIPMENT WORK,ALTERATION
FULL DEMOLITION,EQUIPMENT WORK,PLUMBING,NEW BUILDING,FOUNDATION
PLUMBING,EQUIPMENT WORK
PLUMBING,EQUIPMENT WORK,NEW BUILDING
ALTERATION
PLUMBING,EQUIPMENT WORK
PLUMBING,ALTERATION
FULL DEMOLITION,EQUIPMENT WORK,ALTERATION,PLUMBING
PLUMBING,EQUIPMENT WORK,NEW BUILDING
FOOD SERVICE EST.,BARBER SHOP,FOOD VENDOR LICENSE,CHILD CARE APPLICATION TRACKING SYSTEM,BEAUTY PARLOR,PLUMBING,EQUIPMENT WORK
FULL TERM MFV PERMIT,ALTERATION
PLUMBING,EQUIPMENT WORK,ALTERATION
PLUMBING,EQUIPMENT WORK,ALTERATION
CIGARETTE RETAIL
EQUIPMENT WORK
EQUIPMENT WORK
FULL DEMOLITION,EQUIPMENT WORK,NEW BUILDING,PLUMBING
EQUIPMENT WORK,FRUIT&VEG VEND. BKLY,BEAUTY PARLOR
PLUMBING,EQUIPMENT WORK
FOOD SERVICE EST.,EQUIPMENT WORK
FULL DEMOLITION,EQUIPMENT WORK,NEW BUILDING,PLUMBING
PLUMBING,EQUIPMENT WORK
PLUMBING,EQUIPMENT WORK
SIGN
PLUMBING,EQUIPMENT WORK,NEW BUILDING
EQUIPMENT WORK
EQUIPMENT WORK
FOOD SERVICE EST.,EQUIPMENT WORK
PLUMBING,EQUIPMENT WORK
ALTERATION
FULL DEMOLITION,EQUIPMENT WORK,ALTERATION
FULL DEMOLITION,EQUIPMENT WORK
MOBILE FOOD UNIT,TEMP FOOD SERV ESTAB
PLUMBING,EQUIPMENT WORK,ALTERATION
PLUMBING,EQUIPMENT WORK,ALTERATION
EQUIPMENT WORK
PLUMBING,EQUIPMENT WORK,MOBILE FOOD UNIT,ALTERATION,FOOD SERVICE EST.
PLUMBING,ALTERATION
PLUMBING,EQUIPMENT WORK,ALTERATION
PLUMBING,EQUIPMENT WORK,ALTERATION
ALTERATION
PLUMBING,EQUIPMENT WORK,ALTERATION,SIGN
FOOD SERVICE EST.,PHYSICIAN,ALTERATION,SIGN,DENTIST,RETAIL FOOD PROCESS,BEAUTY PARLOR,PLUMBING,EQUIPMENT WORK,MANUF FROZEN DESSERT
FULL DEMOLITION,EQUIPMENT WORK,PLUMBING,NEW BUILDING,FOUNDATION
PLUMBING,EQUIPMENT WORK
PLUMBING,EQUIPMENT WORK
PLUMBING,EQUIPMENT WORK,NEW BUILDING
PLUMBING,EQUIPMENT WORK
EQUIPMENT WORK
PLUMBING,EQUIPMENT WORK,ALTERATION
FULL DEMOLITION,EQUIPMENT WORK,ALTERATION,PLUMBING
EQUIPMENT WORK
PLUMBING,EQUIPMENT WORK
PLUMBING,EQUIPMENT WORK
PLUMBING,EQUIPMENT WORK
EQUIPMENT WORK
SALE OF SMALL ANIMAL,EQUIPMENT WORK,SMALL ANIMAL,SEASONAL MFV PERMIT
FULL DEMOLITION,EQUIPMENT WORK,NEW BUILDING,PLUMBING
FULL DEMOLITION,EQUIPMENT WORK,ALTERATION
PLUMBING,EQUIPMENT WORK
PLUMBING,EQUIPMENT WORK
FULL DEMOLITION,EQUIPMENT WORK,NEW BUILDING,PLUMBING
EQUIPMENT WORK
PLUMBING,EQUIPMENT WORK
PLUMBING,EQUIPMENT WORK,FOOD SERVICE EST.
PLUMBING,ALTERATION
FULL DEMOLITION,EQUIPMENT WORK,NEW BUILDING,PLUMBING
PLUMBING,NEW BUILDING
PLUMBING,EQUIPMENT WORK,FOOD SERVICE EST.
PLUMBING,NEW BUILDING
PLUMBING,EQUIPMENT WORK,ALTERATION
PLUMBING,EQUIPMENT WORK,ALTERATION
PLUMBING,EQUIPMENT WORK,CHILD CARE APPLICATION TRACKING SYSTEM,CONDUCT A DAY CAMP,PUBLIC SCH CAFETERIA
PLUMBING,EQUIPMENT WORK,NEW BUILDING
PLUMBING,EQUIPMENT WORK,ALTERATION
PLUMBING,EQUIPMENT WORK,ALTERATION,FOOD SERVICE EST.
PLUMBING,EQUIPMENT WORK,ALTERATION
PLUMBING,EQUIPMENT WORK,ALTERATION
PLUMBING,EQUIPMENT WORK,ALTERATION
PLUMBING,EQUIPMENT WORK,SALE OF SMALL ANIMAL,ALTERATION,PHYSICIAN
ALTERATION
PLUMBING,ALTERATION
FOOD SERVICE EST.,EQUIPMENT WORK,ALTERATION,CONDUCT A DAY CAMP
ALTERATION
FULL DEMOLITION,EQUIPMENT WORK,PLUMBING,NEW BUILDING,FOUNDATION
PLUMBING,EQUIPMENT WORK,ALTERATION
EQUIPMENT WORK
FRUIT&VEG VENDOR BNX,FRUIT&VEG VEND. QNS
EQUIPMENT WORK,ALTERATION,SIGN
FOOD SERVICE EST.,EQUIPMENT WORK,ALTERATION,SIGN
PLUMBING,EQUIPMENT WORK
PLUMBING,EQUIPMENT WORK,ALTERATION,WEIGHT REDUCING GRP
FULL TERM MFV PERMIT
ALTERATION
EQUIPMENT WORK
PLUMBING,EQUIPMENT WORK,NEW BUILDING
FOOD SERVICE EST.
FOOD VENDOR LICENSE,EQUIPMENT WORK
ALTERATION
PLUMBING,ALTERATION
PLUMBING,EQUIPMENT WORK
EQUIPMENT WORK
PLUMBING,EQUIPMENT WORK,ALTERATION,NEW BUILDING
PLUMBING,EQUIPMENT WORK
PLUMBING,EQUIPMENT WORK
PLUMBING,EQUIPMENT WORK
PLUMBING,EQUIPMENT WORK
EQUIPMENT WORK
PLUMBING,ALTERATION
PLUMBING,NEW BUILDING
EQUIPMENT WORK
FULL DEMOLITION,FOUNDATION,NEW BUILDING,SIGN,RETAIL FOOD PROCESS,PLUMBING,EQUIPMENT WORK
EQUIPMENT WORK
ALTERATION
PLUMBING,EQUIPMENT WORK
PLUMBING,FOOD SERVICE EST.,ALTERATION,CONDUCT A DAY CAMP
PLUMBING,EQUIPMENT WORK,FOOD SERVICE EST.
PLUMBING,ALTERATION
PLUMBING,EQUIPMENT WORK,ALTERATION
PLUMBING,EQUIPMENT WORK
PLUMBING,ALTERATION,NEW BUILDING,CHILD CARE APPLICATION TRACKING SYSTEM
PLUMBING,EQUIPMENT WORK
ALTERATION
PLUMBING,EQUIPMENT WORK
PLUMBING,EQUIPMENT WORK
PLUMBING,ALTERATION
ALTERATION
EQUIPMENT WORK
PLUMBING,EQUIPMENT WORK,NEW BUILDING
PLUMBING,EQUIPMENT WORK,NEW BUILDING
EQUIPMENT WORK
PLUMBING,EQUIPMENT WORK
PLUMBING,EQUIPMENT WORK
FULL DEMOLITION,EQUIPMENT WORK
PLUMBING,EQUIPMENT WORK,ALTERATION
ALTERATION
FOOD SERVICE EST.,MANUF FROZEN DESSERT,PUBLIC SCH CAFETERIA,PODIATRIST,SIGN,ALTERATION,CHILD CARE APPLICATION TRACKING SYSTEM,DENTIST,RETAIL FOOD PROCESS,PLUMBING,EQUIPMENT WORK,TEMP FOOD SERV ESTAB
WELL WATER
EQUIPMENT WORK
FOOD SERVICE EST.,PODIATRIST,ALTERATION,SIGN,RETAIL FOOD PROCESS,PLUMBING,EQUIPMENT WORK,MANUF FROZEN DESSERT
PLUMBING,ALTERATION
PLUMBING,EQUIPMENT WORK,ALTERATION
ALTERATION,CHILD CARE APPLICATION TRACKING SYSTEM
PLUMBING,EQUIPMENT WORK
ALTERATION
ALTERATION
PLUMBING,EQUIPMENT WORK,ALTERATION,FOOD SERVICE EST.
WELL WATER
EQUIPMENT WORK
PLUMBING,EQUIPMENT WORK,NEW BUILDING
PLUMBING,EQUIPMENT WORK,RETAIL FOOD PROCESS,ALTERATION,FOOD SERVICE EST.
PLUMBING,EQUIPMENT WORK
FULL TERM MFV PERMIT
EQUIPMENT WORK
PLUMBING,ALTERATION
PLUMBING,EQUIPMENT WORK
EQUIPMENT WORK,ALTERATION
EQUIPMENT WORK,ALTERATION
PLUMBING,EQUIPMENT WORK,FULL DEMOLITION,TOW TRUCK CO FUNDED,NEW BUILDING
EQUIPMENT WORK,FULL TERM MFV PERMIT
PLUMBING,EQUIPMENT WORK
FOOD SERVICE EST.,CONDUCT A DAY CAMP
EQUIPMENT WORK
FOOD SERVICE EST.,ALTERATION,SIGN,RETAIL FOOD PROCESS,WELL WATER,PLUMBING,EQUIPMENT WORK
FOOD SERVICE EST.,PHYSICIAN,ALTERATION,CHILD CARE APPLICATION TRACKING SYSTEM,DENTIST,PLUMBING,EQUIPMENT WORK
PLUMBING,EQUIPMENT WORK,FULL DEMOLITION,ALTERATION,NEW BUILDING
PLUMBING,EQUIPMENT WORK
PLUMBING,NEW BUILDING
FOOD SERVICE EST.,PHYSICIAN,CHIROPRACTOR,PODIATRIST,ALTERATION,DENTIST,RETAIL FOOD PROCESS,PLUMBING,EQUIPMENT WORK
PLUMBING,EQUIPMENT WORK,RETAIL FOOD PROCESS,FOOD SERVICE EST.
FOOD SERVICE EST.,ALTERATION,SIGN,BATHING EST.W/O POOL,RETAIL FOOD PROCESS,BATHING POOL ESTAB.,PLUMBING,EQUIPMENT WORK
EQUIPMENT WORK
PLUMBING,EQUIPMENT WORK,ALTERATION
EQUIPMENT WORK
PLUMBING,EQUIPMENT WORK
PLUMBING,EQUIPMENT WORK
FULL TERM MFV PERMIT
PLUMBING,EQUIPMENT WORK
PLUMBING,EQUIPMENT WORK,ALTERATION,FOOD SERVICE EST.
EQUIPMENT WORK
PLUMBING,EQUIPMENT WORK,ALTERATION,NEW BUILDING
PLUMBING,NEW BUILDING
ALTERATION
PLUMBING,EQUIPMENT WORK
FULL TERM MFV PERMIT
PLUMBING,ALTERATION
PLUMBING,EQUIPMENT WORK,AFTER SCHOOL,CONDUCT A DAY CAMP,CHILD CARE APPLICATION TRACKING SYSTEM
ALTERATION
EQUIPMENT WORK,ALTERATION
PLUMBING,ALTERATION
EQUIPMENT WORK
EQUIPMENT WORK
PLUMBING,NEW BUILDING
PLUMBING,EQUIPMENT WORK,ALTERATION
PLUMBING,NEW BUILDING
PLUMBING,NEW BUILDING
PLUMBING,EQUIPMENT WORK,ALTERATION,RADIATION INSTALL
PLUMBING,ALTERATION
EQUIPMENT WORK
PLUMBING,EQUIPMENT WORK,ALTERATION
PLUMBING,ALTERATION
PLUMBING,EQUIPMENT WORK,PUBLIC SCH CAFETERIA
FOOD SERVICE EST.,BARBER SHOP,ALTERATION,BEAUTY PARLOR,RETAIL FOOD PROCESS,WELL WATER,EQUIPMENT WORK,MANUF FROZEN DESSERT
PLUMBING,EQUIPMENT WORK,BARBER SHOP
PLUMBING,EQUIPMENT WORK
FOOD SERVICE EST.,ALTERATION
FULL TERM MFV PERMIT
CHILD CARE APPLICATION TRACKING SYSTEM
EQUIPMENT WORK,ALTERATION
PLUMBING,NEW BUILDING
EQUIPMENT WORK
FOOD SERVICE EST.
PLUMBING,EQUIPMENT WORK,BARBER SHOP
FOOD SERVICE EST.,EQUIPMENT WORK,RETAIL FOOD PROCESS
PLUMBING,EQUIPMENT WORK,ALTERATION
FOOD SERVICE EST.,EQUIPMENT WORK
PLUMBING,EQUIPMENT WORK,ALTERATION
PLUMBING,ALTERATION
PLUMBING,EQUIPMENT WORK,ALTERATION
NEW BUILDING
EQUIPMENT WORK
PLUMBING,NEW BUILDING
PLUMBING,EQUIPMENT WORK,ALTERATION
FOOD VENDOR LICENSE
FOOD SERVICE EST.,PHYSICIAN,SIGN,DENTIST,PLUMBING,EQUIPMENT WORK
PLUMBING,EQUIPMENT WORK
PLUMBING,ALTERATION
FULL TERM MFV PERMIT
PLUMBING,EQUIPMENT WORK,MANUF FROZEN DESSERT,ALTERATION,FOOD SERVICE EST.
FOOD SVC ESTAB. NON,ALTERATION,CHILD CARE APPLICATION TRACKING SYSTEM,PLUMBING,EQUIPMENT WORK,SIGN
PLUMBING,EQUIPMENT WORK,RETAIL FOOD PROCESS,ALTERATION,TEMP FOOD SERV ESTAB
EQUIPMENT WORK
PLUMBING,EQUIPMENT WORK,ALTERATION
PLUMBING,EQUIPMENT WORK,BEAUTY PARLOR
PLUMBING,EQUIPMENT WORK
FULL DEMOLITION,EQUIPMENT WORK,NEW BUILDING,PLUMBING
PLUMBING,EQUIPMENT WORK,NEW BUILDING
FOOD SERVICE EST.,ALTERATION,SIGN,RETAIL FOOD PROCESS,PLUMBING,EQUIPMENT WORK,MANUF FROZEN DESSERT
PLUMBING,EQUIPMENT WORK,NEW BUILDING
ALTERATION
PLUMBING,EQUIPMENT WORK
PLUMBING,EQUIPMENT WORK
EQUIPMENT WORK
EQUIPMENT WORK
PLUMBING,EQUIPMENT WORK,FOOD SERVICE EST.
FOOD SERVICE EST.,ALTERATION,SIGN,DENTIST,PLUMBING,EQUIPMENT WORK
FOOD SERVICE EST.,EQUIPMENT WORK
PLUMBING,EQUIPMENT WORK,ALTERATION,BEAUTY PARLOR
PLUMBING,EQUIPMENT WORK,RETAIL FOOD PROCESS,ALTERATION,FOOD SERVICE EST.
PLUMBING,EQUIPMENT WORK
PLUMBING,EQUIPMENT WORK,ALTERATION
PLUMBING,NEW BUILDING
PLUMBING,EQUIPMENT WORK,NEW BUILDING
PLUMBING,EQUIPMENT WORK,ALTERATION
PLUMBING,NEW BUILDING
PLUMBING,ALTERATION
PLUMBING,EQUIPMENT WORK
NEW BUILDING
PLUMBING,EQUIPMENT WORK,NEW BUILDING
FOOD SERVICE EST.
PLUMBING,EQUIPMENT WORK,FULL DEMOLITION,NEW BUILDING
FOOD SERVICE EST.,ALTERATION,CHILD CARE APPLICATION TRACKING SYSTEM,CONDUCT A DAY CAMP,AFTER SCHOOL,PLUMBING,EQUIPMENT WORK
EQUIPMENT WORK
EQUIPMENT WORK
EQUIPMENT WORK
PLUMBING,EQUIPMENT WORK,NEW BUILDING
PLUMBING,EQUIPMENT WORK,FULL DEMOLITION,NEW BUILDING
EQUIPMENT WORK
EQUIPMENT WORK
PLUMBING,FOOD SERVICE EST.,ALTERATION
FOOD SERVICE EST.,ALTERATION,SIGN,RETAIL FOOD PROCESS,PLUMBING,EQUIPMENT WORK
ALTERATION
PLUMBING,EQUIPMENT WORK
PLUMBING,FOUNDATION,ALTERATION,EQUIPMENT WORK
PLUMBING,EQUIPMENT WORK
FULL DEMOLITION,EQUIPMENT WORK,PLUMBING,NEW BUILDING,FOUNDATION
FULL DEMOLITION
PLUMBING,EQUIPMENT WORK,ALTERATION
EQUIPMENT WORK
EQUIPMENT WORK
PLUMBING,EQUIPMENT WORK
FOOD SERVICE EST.
PLUMBING,EQUIPMENT WORK
FULL DEMOLITION,EQUIPMENT WORK
EQUIPMENT WORK
PLUMBING,NEW BUILDING
PLUMBING,EQUIPMENT WORK,FOOD VENDOR LICENSE
PLUMBING,EQUIPMENT WORK,ALTERATION
PLUMBING,EQUIPMENT WORK
FULL DEMOLITION,EQUIPMENT WORK,NEW BUILDING,PLUMBING
FULL DEMOLITION,EQUIPMENT WORK,NEW BUILDING,PLUMBING
FULL DEMOLITION,EQUIPMENT WORK,ALTERATION,PLUMBING
PLUMBING,EQUIPMENT WORK,NEW BUILDING
PLUMBING,EQUIPMENT WORK,ALTERATION,CHILD CARE APPLICATION TRACKING SYSTEM
PLUMBING,NEW BUILDING
EQUIPMENT WORK
PLUMBING,NEW BUILDING
PLUMBING,ALTERATION
PLUMBING,ALTERATION
EQUIPMENT WORK,ALTERATION
PLUMBING,EQUIPMENT WORK,FRUIT&VEG VEND. BKLY
PLUMBING,EQUIPMENT WORK,ALTERATION
ALTERATION
PLUMBING,ALTERATION
EQUIPMENT WORK
PLUMBING,EQUIPMENT WORK,ALTERATION
PLUMBING,EQUIPMENT WORK
PLUMBING,FULL TERM MFV PERMIT,NEW BUILDING
TEMP FOOD SERV ESTAB
FOOD SERVICE EST.
PLUMBING,EQUIPMENT WORK,RETAIL FOOD PROCESS,FOOD SERVICE EST.
PLUMBING,EQUIPMENT WORK,FOOD SERVICE EST.,SIGN
PLUMBING,NEW BUILDING
FULL DEMOLITION,EQUIPMENT WORK,PLUMBING
PLUMBING,EQUIPMENT WORK
PLUMBING,EQUIPMENT WORK,ALTERATION
PLUMBING,ALTERATION
PLUMBING
PLUMBING,EQUIPMENT WORK,ALTERATION
EQUIPMENT WORK
ALTERATION
PLUMBING,EQUIPMENT WORK
PLUMBING,EQUIPMENT WORK
PLUMBING,EQUIPMENT WORK
EQUIPMENT WORK
PLUMBING,EQUIPMENT WORK,ALTERATION
PLUMBING,EQUIPMENT WORK
EQUIPMENT WORK
PLUMBING,EQUIPMENT WORK,FOOD VENDOR LICENSE,ALTERATION,FOOD SERVICE EST.
PLUMBING,EQUIPMENT WORK
EQUIPMENT WORK,PHYSICIAN,RADIATION INSTALL
PLUMBING,EQUIPMENT WORK
PLUMBING,EQUIPMENT WORK,FOOD SERVICE EST.
PLUMBING,EQUIPMENT WORK,FOOD SERVICE EST.
PLUMBING,ALTERATION
PLUMBING,NEW BUILDING
FOOD SERVICE EST.,EQUIPMENT WORK,ALTERATION
FOOD SERVICE EST.,EQUIPMENT WORK
PLUMBING,EQUIPMENT WORK,FULL TERM MFV PERMIT,ALTERATION,FRUIT&VEG VEND. BKLY
ALTERATION
ALTERATION
EQUIPMENT WORK
PLUMBING,EQUIPMENT WORK,FULL DEMOLITION,NEW BUILDING
PLUMBING,EQUIPMENT WORK,NEW BUILDING
PLUMBING,EQUIPMENT WORK
PUBLIC SCH CAFETERIA,CHILD CARE APPLICATION TRACKING SYSTEM,CONDUCT A DAY CAMP,FSE DAY CARE SERVICE,PLUMBING,EQUIPMENT WORK
PLUMBING,ALTERATION
PLUMBING,EQUIPMENT WORK
PLUMBING,ALTERATION
ALTERATION
ALTERATION
PLUMBING,ALTERATION
PLUMBING,EQUIPMENT WORK
EQUIPMENT WORK
PLUMBING,EQUIPMENT WORK,ALTERATION
PLUMBING,EQUIPMENT WORK,ALTERATION
FOOD SERVICE EST.,EQUIPMENT WORK
PLUMBING,EQUIPMENT WORK,ALTERATION,CONDUCT A DAY CAMP
PLUMBING,EQUIPMENT WORK,NEW BUILDING
ALTERATION,CHILD CARE APPLICATION TRACKING SYSTEM
EQUIPMENT WORK,NEW BUILDING,FOUNDATION
PLUMBING,EQUIPMENT WORK
PLUMBING,EQUIPMENT WORK
EQUIPMENT WORK
PLUMBING,EQUIPMENT WORK,ALTERATION
PLUMBING,EQUIPMENT WORK,NEW BUILDING
ALTERATION
PLUMBING,EQUIPMENT WORK,ALTERATION
PLUMBING,ALTERATION
PLUMBING,ALTERATION
ALTERATION
FULL DEMOLITION,EQUIPMENT WORK,NEW BUILDING,PLUMBING
PLUMBING,EQUIPMENT WORK,NEW BUILDING
PLUMBING,EQUIPMENT WORK,ALTERATION,FOOD SERVICE EST.
PLUMBING,EQUIPMENT WORK,ALTERATION,FOOD SERVICE EST.
FULL DEMOLITION,FOUNDATION,NEW BUILDING,ALTERATION,PLUMBING,EQUIPMENT WORK
FOOD SERVICE EST.,EQUIPMENT WORK
PLUMBING,EQUIPMENT WORK,NEW BUILDING
FULL DEMOLITION,EQUIPMENT WORK,NEW BUILDING,PLUMBING
PLUMBING,EQUIPMENT WORK,NEW BUILDING
PLUMBING,ALTERATION
ALTERATION
EQUIPMENT WORK
EQUIPMENT WORK
EQUIPMENT WORK
PLUMBING,ALTERATION
PLUMBING,ALTERATION
EQUIPMENT WORK,ALTERATION
PLUMBING,EQUIPMENT WORK,FOOD SERVICE EST.
PLUMBING,EQUIPMENT WORK,ALTERATION,FOOD VENDOR LICENSE
FOOD VENDOR LICENSE,FRUIT&VEG VEND. BKLY,FULL TERM MFV PERMIT,ALTERATION
ALTERATION
PLUMBING,FULL TERM MFV PERMIT,ALTERATION
FULL DEMOLITION,EQUIPMENT WORK,NEW BUILDING,PLUMBING
ALTERATION
ALTERATION
PLUMBING,FOUNDATION,NEW BUILDING,EQUIPMENT WORK
PLUMBING,EQUIPMENT WORK,CHILD CARE APPLICATION TRACKING SYSTEM,ALTERATION,FOOD SERVICE EST.
PLUMBING,EQUIPMENT WORK,ALTERATION
PLUMBING,BEAUTY PARLOR,ALTERATION
PLUMBING,EQUIPMENT WORK
EQUIPMENT WORK
EQUIPMENT WORK
FOOD VENDOR LICENSE,EQUIPMENT WORK,CHILD CARE APPLICATION TRACKING SYSTEM,TEMP FOOD SERV ESTAB
EQUIPMENT WORK
PLUMBING,EQUIPMENT WORK,ALTERATION
PLUMBING,ALTERATION
PLUMBING,EQUIPMENT WORK,FOOD SERVICE EST.
PLUMBING,EQUIPMENT WORK
PLUMBING,EQUIPMENT WORK,ALTERATION
PLUMBING,EQUIPMENT WORK,ALTERATION
FOOD VENDOR LICENSE
PLUMBING,EQUIPMENT WORK,ALTERATION
ALTERATION
PLUMBING,EQUIPMENT WORK,ALTERATION
PLUMBING,ALTERATION
FOOD SERVICE EST.,EQUIPMENT WORK
FULL DEMOLITION,FOUNDATION,NEW BUILDING,PUBLIC SCH CAFETERIA,RADIATION INSTALL,FOOD SERVICE EST.,AFTER SCHOOL,BATHING POOL ESTAB.,PLUMBING,EQUIPMENT WORK
PLUMBING,ALTERATION
PLUMBING,NEW BUILDING
EQUIPMENT WORK,ALTERATION
PLUMBING,EQUIPMENT WORK,ALTERATION,SIGN
PLUMBING,EQUIPMENT WORK,NEW BUILDING
FULL DEMOLITION,EQUIPMENT WORK
PLUMBING,EQUIPMENT WORK
EQUIPMENT WORK
PLUMBING
EQUIPMENT WORK
PLUMBING,EQUIPMENT WORK,ALTERATION
PLUMBING,EQUIPMENT WORK
PLUMBING,ALTERATION
EQUIPMENT WORK
FOOD SERVICE EST.
FULL DEMOLITION,EQUIPMENT WORK
FOOD SERVICE EST.,EQUIPMENT WORK
EQUIPMENT WORK
PHYSICIAN,NEW BUILDING,ALTERATION,DENTIST,PLUMBING,EQUIPMENT WORK
PLUMBING,EQUIPMENT WORK
PLUMBING,EQUIPMENT WORK,DENTIST,ALTERATION,PHYSICIAN
PLUMBING,ALTERATION
PLUMBING,EQUIPMENT WORK,NEW BUILDING
MANUF FROZEN DESSERT
PLUMBING,EQUIPMENT WORK
PLUMBING,EQUIPMENT WORK,NEW BUILDING
PLUMBING,EQUIPMENT WORK
ALTERATION
EQUIPMENT WORK
PLUMBING,EQUIPMENT WORK,NEW BUILDING
PLUMBING,EQUIPMENT WORK
PLUMBING,EQUIPMENT WORK
PLUMBING,EQUIPMENT WORK,FULL DEMOLITION,NEW BUILDING
FOOD SERVICE EST.,ALTERATION
PLUMBING,EQUIPMENT WORK,FOOD SERVICE EST.
EQUIPMENT WORK
ALTERATION
PLUMBING,EQUIPMENT WORK
PLUMBING,ALTERATION
FULL DEMOLITION,NEW BUILDING,PUBLIC SCH CAFETERIA,CHILD CARE APPLICATION TRACKING SYSTEM,PLUMBING,AFTER SCHOOL,CONDUCT A DAY CAMP,EQUIPMENT WORK
EQUIPMENT WORK
PLUMBING,EQUIPMENT WORK
PLUMBING,EQUIPMENT WORK
PLUMBING,EQUIPMENT WORK,ALTERATION
EQUIPMENT WORK
PLUMBING,NEW BUILDING
PLUMBING,EQUIPMENT WORK
PUBLIC SCH CAFETERIA,CHILD CARE APPLICATION TRACKING SYSTEM,CONDUCT A DAY CAMP,HIP GROUPS, CLINICS,RADIATION INSTALL,PLUMBING,EQUIPMENT WORK
FOOD SERVICE EST.,EQUIPMENT WORK
NONRETAIL FOOD ESTAB
ALTERATION
PLUMBING,ALTERATION
FOOD VENDOR LICENSE
NEW BUILDING
PLUMBING,EQUIPMENT WORK,NEW BUILDING
PLUMBING,EQUIPMENT WORK,NEW BUILDING
ALTERATION
ALTERATION
PLUMBING,FULL DEMOLITION,ALTERATION,NEW BUILDING,EQUIPMENT WORK
PLUMBING,EQUIPMENT WORK
EQUIPMENT WORK,ALTERATION,NEW BUILDING
PLUMBING,EQUIPMENT WORK,NEW BUILDING
PLUMBING,EQUIPMENT WORK,SEASONAL MFV PERMIT
PLUMBING,EQUIPMENT WORK
TEMP FOOD SERV ESTAB
PLUMBING,EQUIPMENT WORK,ALTERATION
PLUMBING,ALTERATION
PLUMBING,EQUIPMENT WORK,ALTERATION,FOOD SERVICE EST.
ALTERATION
FULL DEMOLITION,EQUIPMENT WORK,NEW BUILDING,PLUMBING
PLUMBING,ALTERATION
PLUMBING,EQUIPMENT WORK,ALTERATION,SIGN
PLUMBING,EQUIPMENT WORK,SIGN
FULL DEMOLITION,EQUIPMENT WORK
ALTERATION
ALTERATION
PLUMBING,EQUIPMENT WORK
PLUMBING,EQUIPMENT WORK,ALTERATION,SIGN
PLUMBING,ALTERATION
FOOD SERVICE EST.,EQUIPMENT WORK
FULL DEMOLITION,EQUIPMENT WORK
PLUMBING,EQUIPMENT WORK,ALTERATION
CHILD CARE APPLICATION TRACKING SYSTEM
PLUMBING,NEW BUILDING
EQUIPMENT WORK
PLUMBING,EQUIPMENT WORK
TEMP FOOD SERV ESTAB
PLUMBING,EQUIPMENT WORK
FOOD SERVICE EST.
FULL DEMOLITION,EQUIPMENT WORK,ALTERATION,PLUMBING
FOOD SERVICE EST.,EQUIPMENT WORK
FOOD SERVICE EST.,PHYSICIAN,PUBLIC SCH CAFETERIA,ALTERATION,DENTIST,PLUMBING,EQUIPMENT WORK
FOOD SERVICE EST.
PLUMBING,EQUIPMENT WORK,ALTERATION
FULL TERM MFV PERMIT
FULL DEMOLITION,EQUIPMENT WORK,ALTERATION,NEW BUILDING,PLUMBING
FULL DEMOLITION,EQUIPMENT WORK,NEW BUILDING,PLUMBING
PLUMBING,EQUIPMENT WORK,NEW BUILDING
NEW BUILDING
PLUMBING,EQUIPMENT WORK,ALTERATION
ALTERATION
PLUMBING,EQUIPMENT WORK,ALTERATION
PLUMBING,EQUIPMENT WORK
PLUMBING,EQUIPMENT WORK,ALTERATION
PLUMBING,EQUIPMENT WORK
PLUMBING,EQUIPMENT WORK,FULL DEMOLITION,NEW BUILDING
PLUMBING,EQUIPMENT WORK
PLUMBING,EQUIPMENT WORK
PLUMBING,ALTERATION
FOOD SERVICE EST.,PHYSICIAN,FULL TERM MFV PERMIT,CHIROPRACTOR,FRUIT&VEG VEND. BKLY,DENTIST,PLUMBING,EQUIPMENT WORK
PLUMBING,ALTERATION
PLUMBING,EQUIPMENT WORK,FOOD VENDOR LICENSE
EQUIPMENT WORK
PLUMBING,EQUIPMENT WORK
PLUMBING,EQUIPMENT WORK
EQUIPMENT WORK
EQUIPMENT WORK
EQUIPMENT WORK
PLUMBING,EQUIPMENT WORK
PLUMBING,EQUIPMENT WORK
PLUMBING,EQUIPMENT WORK,RETAIL FOOD PROCESS
ALTERATION
EQUIPMENT WORK,DENTIST,ALTERATION
PLUMBING,EQUIPMENT WORK,ALTERATION
PLUMBING,EQUIPMENT WORK,DENTIST,PODIATRIST
FULL DEMOLITION,PHYSICIAN,NEW BUILDING,SIGN,PLUMBING,EQUIPMENT WORK
PLUMBING,EQUIPMENT WORK
PLUMBING,NEW BUILDING
FULL DEMOLITION,EQUIPMENT WORK
FULL DEMOLITION,EQUIPMENT WORK
FULL DEMOLITION,EQUIPMENT WORK
ALTERATION
EQUIPMENT WORK,CHILD CARE APPLICATION TRACKING SYSTEM,FOOD SVC ESTAB. NON
FULL DEMOLITION,EQUIPMENT WORK
PLUMBING,EQUIPMENT WORK,ALTERATION
PLUMBING,EQUIPMENT WORK,BEAUTY PARLOR,FOOD SERVICE EST.
PLUMBING,EQUIPMENT WORK
PLUMBING,EQUIPMENT WORK
PLUMBING,EQUIPMENT WORK,ALTERATION
ALTERATION
ALTERATION
PLUMBING,EQUIPMENT WORK,NEW BUILDING
PLUMBING,EQUIPMENT WORK,NEW BUILDING
FULL DEMOLITION,EQUIPMENT WORK,NEW BUILDING,PLUMBING
PLUMBING,EQUIPMENT WORK,ALTERATION
FOOD VENDOR LICENSE
PLUMBING,ALTERATION
PLUMBING,ALTERATION
EQUIPMENT WORK,MOBILE FOOD UNIT
EQUIPMENT WORK
PLUMBING,EQUIPMENT WORK,ALTERATION,FOOD VENDOR LICENSE
PLUMBING,EQUIPMENT WORK,ALTERATION
PLUMBING,EQUIPMENT WORK,ALTERATION,FOOD SERVICE EST.
FULL TERM MFV PERMIT
FOOD SERVICE EST.
PLUMBING,EQUIPMENT WORK,VETERINARIAN,FOOD SERVICE EST.
PLUMBING,EQUIPMENT WORK,ALTERATION
EQUIPMENT WORK
PLUMBING,EQUIPMENT WORK
FULL TERM MFV PERMIT
EQUIPMENT WORK
PLUMBING,EQUIPMENT WORK
PLUMBING,EQUIPMENT WORK
EQUIPMENT WORK
PLUMBING,EQUIPMENT WORK,NEW BUILDING
PLUMBING,EQUIPMENT WORK
EQUIPMENT WORK,ALTERATION
FULL DEMOLITION,EQUIPMENT WORK,FULL TERM MFV PERMIT
PLUMBING,EQUIPMENT WORK,NEW BUILDING
FULL DEMOLITION,EQUIPMENT WORK,NEW BUILDING,PLUMBING
ALTERATION
PLUMBING,EQUIPMENT WORK,FULL DEMOLITION,ALTERATION
OSTEOPATH
FULL DEMOLITION,EQUIPMENT WORK,ALTERATION,PLUMBING
PLUMBING,EQUIPMENT WORK,WELL WATER
PLUMBING,EQUIPMENT WORK,NEW BUILDING,FOOD SERVICE EST.
PLUMBING,EQUIPMENT WORK
PLUMBING,EQUIPMENT WORK,ALTERATION
PLUMBING,EQUIPMENT WORK,ALTERATION
FOOD SERVICE EST.,ALTERATION,SIGN,RETAIL FOOD PROCESS,PLUMBING,EQUIPMENT WORK,MANUF FROZEN DESSERT
PLUMBING,EQUIPMENT WORK,ALTERATION
PLUMBING,EQUIPMENT WORK,ALTERATION
PLUMBING,EQUIPMENT WORK,RETAIL FOOD PROCESS
PLUMBING,ALTERATION
PLUMBING,EQUIPMENT WORK,NEW BUILDING
PLUMBING
PLUMBING,EQUIPMENT WORK,DOHMH permit not required
EQUIPMENT WORK
EQUIPMENT WORK,CHILD CARE APPLICATION TRACKING SYSTEM,FOOD SVC ESTAB. NON
PLUMBING,EQUIPMENT WORK,FULL DEMOLITION,NEW BUILDING
EQUIPMENT WORK,CHILD CARE APPLICATION TRACKING SYSTEM
ALTERATION
PHYSICIAN,RADIATION INSTALL.,FOOD VENDOR LICENSE,RADIATION INSTALL,PLUMBING,EQUIPMENT WORK
PLUMBING,EQUIPMENT WORK
PLUMBING,EQUIPMENT WORK,NEW BUILDING
PLUMBING,ALTERATION
PLUMBING,EQUIPMENT WORK,ALTERATION
PLUMBING
PLUMBING,EQUIPMENT WORK
PLUMBING,ALTERATION
FULL DEMOLITION,EQUIPMENT WORK,FOOD SERVICE EST.
PLUMBING,ALTERATION
EQUIPMENT WORK
PLUMBING,EQUIPMENT WORK
PLUMBING,EQUIPMENT WORK,ALTERATION,FOOD SERVICE EST.
EQUIPMENT WORK
PLUMBING,EQUIPMENT WORK,ALTERATION
FULL DEMOLITION,EQUIPMENT WORK
PLUMBING,EQUIPMENT WORK,ALTERATION,NEW BUILDING
FULL DEMOLITION,NEW BUILDING,FOOD VENDOR LICENSE,ALTERATION,PLUMBING,EQUIPMENT WORK
PLUMBING,NEW BUILDING
PLUMBING,NEW BUILDING
FOOD SERVICE EST.,EQUIPMENT WORK
PLUMBING,ALTERATION
PLUMBING,EQUIPMENT WORK,NEW BUILDING
PLUMBING,EQUIPMENT WORK
PLUMBING,EQUIPMENT WORK
PLUMBING,EQUIPMENT WORK
PLUMBING,FULL DEMOLITION,NEW BUILDING,EQUIPMENT WORK
EQUIPMENT WORK
PLUMBING,EQUIPMENT WORK,FULL DEMOLITION,NEW BUILDING
PLUMBING,NEW BUILDING
PLUMBING,EQUIPMENT WORK,ALTERATION
FULL DEMOLITION,EQUIPMENT WORK
DENTIST
FULL DEMOLITION,EQUIPMENT WORK,AFTER SCHOOL
PLUMBING,EQUIPMENT WORK,NEW BUILDING
PLUMBING,EQUIPMENT WORK,ALTERATION
EQUIPMENT WORK,NEW BUILDING
PLUMBING,EQUIPMENT WORK,ALTERATION,TEMP FOOD SERV ESTAB
EQUIPMENT WORK
PLUMBING,EQUIPMENT WORK
PLUMBING,ALTERATION
PLUMBING,ALTERATION
PLUMBING,EQUIPMENT WORK,NEW BUILDING
FOOD SERVICE EST.,FOOD SVC ESTAB. NON,ALTERATION,CHILD CARE APPLICATION TRACKING SYSTEM,BATHING POOL ESTAB.,PLUMBING,EQUIPMENT WORK
FOOD SERVICE EST.,EQUIPMENT WORK
ALTERATION
FULL DEMOLITION,EQUIPMENT WORK,ALTERATION,NEW BUILDING,PLUMBING
EQUIPMENT WORK
FULL DEMOLITION,EQUIPMENT WORK,ALTERATION,NEW BUILDING,PLUMBING
PLUMBING,EQUIPMENT WORK
FOOD SERVICE EST.,ALTERATION,SIGN,RETAIL FOOD PROCESS,PLUMBING,EQUIPMENT WORK
PLUMBING,EQUIPMENT WORK,ALTERATION
PLUMBING,EQUIPMENT WORK
ALTERATION
NEW BUILDING
PLUMBING,EQUIPMENT WORK,ALTERATION
EQUIPMENT WORK
PLUMBING,ALTERATION
PLUMBING,EQUIPMENT WORK,NEW BUILDING,FOUNDATION
PLUMBING,ALTERATION
PLUMBING,EQUIPMENT WORK,ALTERATION
PLUMBING,EQUIPMENT WORK,NEW BUILDING
FOOD SERVICE EST.
FULL DEMOLITION,EQUIPMENT WORK,ALTERATION,NEW BUILDING,PLUMBING
BEAUTY PARLOR
PLUMBING,EQUIPMENT WORK
FOOD SERVICE EST.,ALTERATION
EQUIPMENT WORK
PLUMBING,EQUIPMENT WORK,NEW BUILDING,SIGN
FULL DEMOLITION,EQUIPMENT WORK,ALTERATION,PLUMBING
EQUIPMENT WORK
PLUMBING,ALTERATION
PLUMBING,ALTERATION
WELL WATER
PLUMBING,NEW BUILDING
PLUMBING,NEW BUILDING
PLUMBING,ALTERATION
ALTERATION
PLUMBING,EQUIPMENT WORK,ALTERATION,PHYSICIAN
CONDUCT A DAY CAMP,EQUIPMENT WORK,AFTER SCHOOL,CHILD CARE APPLICATION TRACKING SYSTEM
PLUMBING,EQUIPMENT WORK,FULL TERM MFV PERMIT
PLUMBING,NEW BUILDING
FULL DEMOLITION,EQUIPMENT WORK,NEW BUILDING,PLUMBING
PLUMBING,FULL DEMOLITION,NEW BUILDING,EQUIPMENT WORK
ALTERATION
PLUMBING,EQUIPMENT WORK,NEW BUILDING
ALTERATION
PLUMBING,NEW BUILDING
PLUMBING,EQUIPMENT WORK
PLUMBING,NEW BUILDING
PLUMBING,EQUIPMENT WORK,NEW BUILDING
PLUMBING,NEW BUILDING
PLUMBING,EQUIPMENT WORK
PLUMBING,ALTERATION
FOOD SERVICE EST.
PLUMBING,EQUIPMENT WORK
PLUMBING,EQUIPMENT WORK,ALTERATION,FOOD SERVICE EST.
PLUMBING,FOUNDATION,ALTERATION,EQUIPMENT WORK
EQUIPMENT WORK
CHILD CARE APPLICATION TRACKING SYSTEM
PLUMBING,ALTERATION
PLUMBING,FULL DEMOLITION,NEW BUILDING,EQUIPMENT WORK
PLUMBING,ALTERATION
ALTERATION
PLUMBING,ALTERATION
PLUMBING,EQUIPMENT WORK,FULL TERM MFV PERMIT
PLUMBING,ALTERATION
EQUIPMENT WORK
EQUIPMENT WORK,ALTERATION
PLUMBING,EQUIPMENT WORK
PLUMBING,EQUIPMENT WORK
PLUMBING,EQUIPMENT WORK
ALTERATION
PLUMBING,EQUIPMENT WORK,FOOD SERVICE EST.,ALTERATION,BARBER SHOP
PLUMBING,EQUIPMENT WORK,FOOD SERVICE EST.
PLUMBING,EQUIPMENT WORK,FOOD VENDOR LICENSE
PLUMBING,EQUIPMENT WORK,BARBER SHOP
PHYSICIAN,CHIROPRACTOR,ALTERATION,DENTIST,RADIATION INSTALL,PLUMBING,EQUIPMENT WORK
FOOD VENDOR LICENSE,MFV DISABLED VETS,FULL TERM MFV PERMIT
FULL TERM MFV PERMIT
PLUMBING,NEW BUILDING
EQUIPMENT WORK
PLUMBING,EQUIPMENT WORK,ALTERATION,SIGN
PLUMBING,NEW BUILDING
PLUMBING,EQUIPMENT WORK,NEW BUILDING
PLUMBING,NEW BUILDING
PLUMBING,NEW BUILDING
PLUMBING,NEW BUILDING
PLUMBING,EQUIPMENT WORK,SIGN
PLUMBING,NEW BUILDING
PLUMBING,NEW BUILDING
FOOD VENDOR LICENSE
PLUMBING,EQUIPMENT WORK,ALTERATION
PLUMBING,ALTERATION
TEMP FOOD SERV ESTAB
PLUMBING,NEW BUILDING
PLUMBING,EQUIPMENT WORK,NEW BUILDING
PLUMBING,EQUIPMENT WORK
PLUMBING,EQUIPMENT WORK,ALTERATION
PLUMBING,EQUIPMENT WORK,FULL DEMOLITION,NEW BUILDING
PLUMBING,NEW BUILDING
PLUMBING,AFTER SCHOOL,ALTERATION,CHILD CARE APPLICATION TRACKING SYSTEM
PLUMBING,NEW BUILDING
PLUMBING,ALTERATION
FULL TERM MFV PERMIT
PLUMBING,NEW BUILDING
ALTERATION
EQUIPMENT WORK
PLUMBING,NEW BUILDING
PLUMBING,ALTERATION
PLUMBING,EQUIPMENT WORK,ALTERATION
PLUMBING,ALTERATION
PLUMBING,ALTERATION
FULL DEMOLITION,PLUMBING,ALTERATION
PLUMBING,EQUIPMENT WORK,ALTERATION
FOOD SERVICE EST.,PHYSICIAN,ALTERATION,DENTIST,RETAIL FOOD PROCESS,PLUMBING,EQUIPMENT WORK
PLUMBING,EQUIPMENT WORK
PLUMBING,EQUIPMENT WORK,ALTERATION,FOOD SERVICE EST.
PLUMBING,ALTERATION
PLUMBING,ALTERATION
PLUMBING,ALTERATION
EQUIPMENT WORK,ALTERATION
PLUMBING
PLUMBING,EQUIPMENT WORK,FULL DEMOLITION,NEW BUILDING
FOOD VENDOR LICENSE
ALTERATION
PLUMBING,EQUIPMENT WORK
PLUMBING,EQUIPMENT WORK
PLUMBING,ALTERATION
FULL DEMOLITION,EQUIPMENT WORK,ALTERATION,PLUMBING
ALTERATION
ALTERATION
PLUMBING,ALTERATION
PLUMBING,EQUIPMENT WORK,NEW BUILDING
FULL DEMOLITION,EQUIPMENT WORK
PLUMBING
FULL TERM MFV PERMIT
EQUIPMENT WORK
ALTERATION
PLUMBING,ALTERATION
PLUMBING,EQUIPMENT WORK,ALTERATION
EQUIPMENT WORK
PLUMBING,ALTERATION,NEW BUILDING
PLUMBING,ALTERATION,NEW BUILDING
PLUMBING,EQUIPMENT WORK,ALTERATION
PLUMBING,EQUIPMENT WORK
FULL DEMOLITION,EQUIPMENT WORK,ALTERATION,PLUMBING
PLUMBING,EQUIPMENT WORK,ALTERATION
PLUMBING,EQUIPMENT WORK
EQUIPMENT WORK
SIGN
EQUIPMENT WORK
PLUMBING,EQUIPMENT WORK
FOUNDATION,NEW BUILDING
ALTERATION
FOOD VENDOR LICENSE
PLUMBING,EQUIPMENT WORK
PLUMBING,EQUIPMENT WORK,ALTERATION
PLUMBING,ALTERATION
PLUMBING,EQUIPMENT WORK
PLUMBING,ALTERATION
EQUIPMENT WORK,FULL TERM MFV PERMIT
PLUMBING,EQUIPMENT WORK,ALTERATION,DOHMH permit not required,FOOD SERVICE EST.
FULL DEMOLITION,EQUIPMENT WORK
PLUMBING,EQUIPMENT WORK,MANUF FROZEN DESSERT,ALTERATION,FULL TERM MFV PERMIT
EQUIPMENT WORK
PLUMBING,EQUIPMENT WORK,FOOD SERVICE EST.
PLUMBING,EQUIPMENT WORK,ALTERATION,FOOD SERVICE EST.
EQUIPMENT WORK,CHILD CARE APPLICATION TRACKING SYSTEM,FULL TERM MFV PERMIT,MOBILE FOOD UNIT,FRUIT&VEG VEND. BKLY
PLUMBING,EQUIPMENT WORK,ALTERATION
PLUMBING,EQUIPMENT WORK,FOOD SERVICE EST.
PLUMBING,EQUIPMENT WORK,ALTERATION
PLUMBING,EQUIPMENT WORK,ALTERATION
PLUMBING,EQUIPMENT WORK
PLUMBING,EQUIPMENT WORK,ALTERATION,FOOD SERVICE EST.
EQUIPMENT WORK
EQUIPMENT WORK
ALTERATION
PLUMBING,EQUIPMENT WORK,RETAIL FOOD PROCESS,ALTERATION
CHILD CARE APPLICATION TRACKING SYSTEM
PLUMBING,EQUIPMENT WORK,FOOD SERVICE EST.
FOOD SERVICE EST.,STOOPLINE STAND_COMB,ALTERATION,RETAIL FOOD PROCESS,PLUMBING,EQUIPMENT WORK,MANUF FROZEN DESSERT
PLUMBING,EQUIPMENT WORK,FULL DEMOLITION
ALTERATION
PLUMBING,ALTERATION
FULL DEMOLITION,EQUIPMENT WORK,NEW BUILDING,PLUMBING
PLUMBING,EQUIPMENT WORK,ALTERATION,FOOD VENDOR LICENSE
PLUMBING,ALTERATION
PLUMBING,EQUIPMENT WORK,ALTERATION
EQUIPMENT WORK,FULL TERM MFV PERMIT
PLUMBING,EQUIPMENT WORK,ALTERATION
EQUIPMENT WORK
FOOD SERVICE EST.,PHYSICIAN,ALTERATION,SIGN,BATHING EST.W/O POOL,DENTIST,FOOD SERVICE ESTABL.,PLUMBING,EQUIPMENT WORK
PLUMBING,EQUIPMENT WORK
PLUMBING,ALTERATION
PLUMBING,EQUIPMENT WORK,FULL TERM MFV PERMIT,ALTERATION,FOOD SERVICE EST.
PLUMBING,EQUIPMENT WORK
PLUMBING,NEW BUILDING
PLUMBING,EQUIPMENT WORK,ALTERATION
ALTERATION
PLUMBING,EQUIPMENT WORK,ALTERATION
PLUMBING,EQUIPMENT WORK
FOOD SERVICE EST.,FULL TERM MFV PERMIT,WELL WATER
PLUMBING,EQUIPMENT WORK,TEMP FOOD SERV ESTAB,ALTERATION,FOOD SERVICE EST.
CHILD CARE APPLICATION TRACKING SYSTEM
PLUMBING,EQUIPMENT WORK,NEW BUILDING
PLUMBING,EQUIPMENT WORK,ALTERATION
PLUMBING,EQUIPMENT WORK,ALTERATION,FOOD SERVICE EST.
PLUMBING,EQUIPMENT WORK,FULL TERM MFV PERMIT,ALTERATION,SEASONAL MFV PERMIT
PLUMBING,EQUIPMENT WORK,RETAIL FOOD PROCESS,ALTERATION,FOOD SERVICE EST.
PLUMBING,EQUIPMENT WORK
PLUMBING,EQUIPMENT WORK,FOOD VENDOR LICENSE
PLUMBING,EQUIPMENT WORK
PLUMBING,EQUIPMENT WORK,FOOD SERVICE EST.
PLUMBING,EQUIPMENT WORK
EQUIPMENT WORK
FOOD SERVICE EST.,FOOD VENDOR LICENSE,ALTERATION,SIGN,PLUMBING,EQUIPMENT WORK
EQUIPMENT WORK
PLUMBING,EQUIPMENT WORK
ALTERATION
EQUIPMENT WORK,ALTERATION,NEW BUILDING
EQUIPMENT WORK,FULL TERM MFV PERMIT,CHILD CARE APPLICATION TRACKING SYSTEM
FOOD SERVICE EST.,BARBER SHOP,PUBLIC SCH CAFETERIA,TEMP FOOD SERV ESTAB,ALTERATION,SIGN,RETAIL FOOD PROCESS,PLUMBING,EQUIPMENT WORK,MANUF FROZEN DESSERT
PLUMBING,EQUIPMENT WORK,ALTERATION
FOOD SERVICE EST.,FULL TERM MFV PERMIT,MOBILE FOOD UNIT,FOOD VENDOR LICENSE,MFV DISABLED VETS,SEASONAL MFV PERMIT,EQUIPMENT WORK
PLUMBING,EQUIPMENT WORK,ALTERATION
PLUMBING,EQUIPMENT WORK,ALTERATION,SIGN
PLUMBING,EQUIPMENT WORK,CHILD CARE APPLICATION TRACKING SYSTEM,FOOD SERVICE EST.
PLUMBING,EQUIPMENT WORK,ALTERATION
FULL DEMOLITION,EQUIPMENT WORK,ALTERATION,NEW BUILDING,PLUMBING
EQUIPMENT WORK,CHILD CARE APPLICATION TRACKING SYSTEM
FOOD SERVICE EST.,PHYSICIAN,PODIATRIST,ALTERATION,SIGN,PLUMBING,EQUIPMENT WORK
ALTERATION
FULL DEMOLITION,EQUIPMENT WORK
PLUMBING,EQUIPMENT WORK,BEAUTY PARLOR,FOOD SERVICE EST.
EQUIPMENT WORK
EQUIPMENT WORK
EQUIPMENT WORK,ALTERATION
FULL DEMOLITION,PLUMBING,ALTERATION
PLUMBING,ALTERATION
FULL DEMOLITION,EQUIPMENT WORK,NEW BUILDING,PLUMBING
ALTERATION
PLUMBING,ALTERATION
PLUMBING,EQUIPMENT WORK
EQUIPMENT WORK
FULL DEMOLITION,EQUIPMENT WORK,SIGN,NEW BUILDING,PLUMBING
ALTERATION,NEW BUILDING
PLUMBING,EQUIPMENT WORK,ALTERATION
FOOD SERVICE EST.,EQUIPMENT WORK
PLUMBING,EQUIPMENT WORK,ALTERATION,FOOD VENDOR LICENSE
PLUMBING,EQUIPMENT WORK,FOOD SERVICE EST.,SIGN
FULL DEMOLITION,EQUIPMENT WORK,PLUMBING,NEW BUILDING,FOUNDATION
PLUMBING,EQUIPMENT WORK,ALTERATION
EQUIPMENT WORK,TEMP FOOD SERV ESTAB
FULL DEMOLITION,EQUIPMENT WORK,NEW BUILDING,PLUMBING
PLUMBING,EQUIPMENT WORK
FOOD VENDOR LICENSE
EQUIPMENT WORK
PLUMBING,EQUIPMENT WORK
PLUMBING,EQUIPMENT WORK
EQUIPMENT WORK
FULL DEMOLITION,EQUIPMENT WORK,NEW BUILDING,PLUMBING
PLUMBING,NEW BUILDING
FULL DEMOLITION,PLUMBING,NEW BUILDING
PLUMBING,EQUIPMENT WORK,ALTERATION
PLUMBING,EQUIPMENT WORK
EQUIPMENT WORK
PLUMBING,EQUIPMENT WORK,ALTERATION
EQUIPMENT WORK
EQUIPMENT WORK
EQUIPMENT WORK
FULL DEMOLITION,EQUIPMENT WORK
ALTERATION
FOOD SERVICE EST.,FULL TERM MFV PERMIT,FOOD VENDOR LICENSE,ALTERATION,TEMP FOOD SERV ESTAB,FSE DAY CARE SERVICE,PLUMBING,EQUIPMENT WORK,CHILD CARE APPLICATION TRACKING SYSTEM,AFTER SCHOOL
FOOD SVC ESTAB. NON,CHILD CARE APPLICATION TRACKING SYSTEM,CONDUCT A DAY CAMP,AFTER SCHOOL,PLUMBING,EQUIPMENT WORK
PLUMBING,EQUIPMENT WORK,FULL DEMOLITION,NEW BUILDING
EQUIPMENT WORK
PLUMBING,EQUIPMENT WORK,RETAIL FOOD PROCESS,ALTERATION
PLUMBING,ALTERATION
EQUIPMENT WORK
PLUMBING,EQUIPMENT WORK,NEW BUILDING
EQUIPMENT WORK,ALTERATION
FULL TERM MFV PERMIT
PLUMBING,EQUIPMENT WORK,DENTIST,PHYSICIAN
PLUMBING,EQUIPMENT WORK
PLUMBING,EQUIPMENT WORK
FULL DEMOLITION,EQUIPMENT WORK,NEW BUILDING,PLUMBING
EQUIPMENT WORK,ALTERATION
PLUMBING,EQUIPMENT WORK
WATER POTABILITY
PLUMBING,EQUIPMENT WORK
EQUIPMENT WORK
PLUMBING,EQUIPMENT WORK,ALTERATION
PLUMBING,EQUIPMENT WORK
PLUMBING,EQUIPMENT WORK
FULL TERM MFV PERMIT
FOOD SERVICE EST.
EQUIPMENT WORK
PLUMBING,EQUIPMENT WORK,ALTERATION
PLUMBING,EQUIPMENT WORK,FOOD SERVICE EST.,NEW BUILDING,SIGN
EQUIPMENT WORK
FULL TERM MFV PERMIT